{
  "width": 160,
  "height": 160,
  "dtype": "float32_le",
  "order": "row-major",
  "norm": {
    "kind": "linear",
    "source": "zscale",
    "vmin": -1.350165586075482,
    "vmax": 2.4136705363716837
  },
  "arcsec_per_pix": 0.06242396026470479,
  "center_px": [
    97.54230978651546,
    69.63694350264805
  ],
  "crval": [
    234.88383156461,
    50.460884808274
  ],
  "crpix": [
    80.0,
    80.0
  ],
  "cd": [
    [
      -1.7314997118477e-05,
      0.0
    ],
    [
      0.0,
      1.7364980806359e-05
    ]
  ],
  "rotation_deg": -0.0
}