{
  "width": 226,
  "height": 226,
  "dtype": "float32_le",
  "order": "row-major",
  "norm": {
    "kind": "linear",
    "source": "zscale",
    "vmin": -1.1480222940444946,
    "vmax": 1.943332552909851
  },
  "arcsec_per_pix": 0.062423960264703,
  "center_px": [
    114.23388464960397,
    113.26824875985258
  ],
  "crval": [
    234.88395546889,
    50.460746825239
  ],
  "crpix": [
    113.5,
    113.5
  ],
  "cd": [
    [
      -1.7314997118476e-05,
      0.0
    ],
    [
      0.0,
      1.7364980806359e-05
    ]
  ],
  "rotation_deg": -0.0
}